<annotation>
	<folder></folder>
	<filename>aah97e00-page02_2_png.rf.76987fe1424bd61c9875ac2562cac6a8.jpg</filename>
	<path>aah97e00-page02_2_png.rf.76987fe1424bd61c9875ac2562cac6a8.jpg</path>
	<source>
		<database>roboflow.ai</database>
	</source>
	<size>
		<width>416</width>
		<height>416</height>
		<depth>3</depth>
	</size>
	<segmented>0</segmented>
	<object>
		<name>Text</name>
		<pose>Unspecified</pose>
		<truncated>0</truncated>
		<difficult>0</difficult>
		<occluded>0</occluded>
		<bndbox>
			<xmin>92</xmin>
			<xmax>362</xmax>
			<ymin>52</ymin>
			<ymax>103</ymax>
		</bndbox>
	</object>
	<object>
		<name>Signature</name>
		<pose>Unspecified</pose>
		<truncated>0</truncated>
		<difficult>0</difficult>
		<occluded>0</occluded>
		<bndbox>
			<xmin>226</xmin>
			<xmax>356</xmax>
			<ymin>104</ymin>
			<ymax>143</ymax>
		</bndbox>
	</object>
	<object>
		<name>Text</name>
		<pose>Unspecified</pose>
		<truncated>0</truncated>
		<difficult>0</difficult>
		<occluded>0</occluded>
		<bndbox>
			<xmin>93</xmin>
			<xmax>191</xmax>
			<ymin>170</ymin>
			<ymax>220</ymax>
		</bndbox>
	</object>
	<object>
		<name>Text</name>
		<pose>Unspecified</pose>
		<truncated>0</truncated>
		<difficult>0</difficult>
		<occluded>0</occluded>
		<bndbox>
			<xmin>287</xmin>
			<xmax>337</xmax>
			<ymin>143</ymin>
			<ymax>151</ymax>
		</bndbox>
	</object>
</annotation>
