<annotation>
	<folder></folder>
	<filename>aao54e00_2_png.rf.518c8de7287dbccfdd6e4d1c20c0843b.jpg</filename>
	<path>aao54e00_2_png.rf.518c8de7287dbccfdd6e4d1c20c0843b.jpg</path>
	<source>
		<database>roboflow.ai</database>
	</source>
	<size>
		<width>416</width>
		<height>416</height>
		<depth>3</depth>
	</size>
	<segmented>0</segmented>
	<object>
		<name>Text</name>
		<pose>Unspecified</pose>
		<truncated>0</truncated>
		<difficult>0</difficult>
		<occluded>0</occluded>
		<bndbox>
			<xmin>104</xmin>
			<xmax>357</xmax>
			<ymin>41</ymin>
			<ymax>92</ymax>
		</bndbox>
	</object>
	<object>
		<name>Signature</name>
		<pose>Unspecified</pose>
		<truncated>0</truncated>
		<difficult>0</difficult>
		<occluded>0</occluded>
		<bndbox>
			<xmin>241</xmin>
			<xmax>358</xmax>
			<ymin>93</ymin>
			<ymax>109</ymax>
		</bndbox>
	</object>
	<object>
		<name>Text</name>
		<pose>Unspecified</pose>
		<truncated>0</truncated>
		<difficult>0</difficult>
		<occluded>0</occluded>
		<bndbox>
			<xmin>101</xmin>
			<xmax>250</xmax>
			<ymin>134</ymin>
			<ymax>177</ymax>
		</bndbox>
	</object>
	<object>
		<name>Text</name>
		<pose>Unspecified</pose>
		<truncated>0</truncated>
		<difficult>0</difficult>
		<occluded>0</occluded>
		<bndbox>
			<xmin>248</xmin>
			<xmax>343</xmax>
			<ymin>110</ymin>
			<ymax>119</ymax>
		</bndbox>
	</object>
</annotation>
