<annotation>
	<folder></folder>
	<filename>acr64d00_png.rf.313c37e843aed01fc41999d5ada8f7fc.jpg</filename>
	<path>acr64d00_png.rf.313c37e843aed01fc41999d5ada8f7fc.jpg</path>
	<source>
		<database>roboflow.ai</database>
	</source>
	<size>
		<width>416</width>
		<height>416</height>
		<depth>3</depth>
	</size>
	<segmented>0</segmented>
	<object>
		<name>Text</name>
		<pose>Unspecified</pose>
		<truncated>0</truncated>
		<difficult>0</difficult>
		<occluded>0</occluded>
		<bndbox>
			<xmin>22</xmin>
			<xmax>382</xmax>
			<ymin>34</ymin>
			<ymax>332</ymax>
		</bndbox>
	</object>
	<object>
		<name>Signature</name>
		<pose>Unspecified</pose>
		<truncated>0</truncated>
		<difficult>0</difficult>
		<occluded>0</occluded>
		<bndbox>
			<xmin>212</xmin>
			<xmax>328</xmax>
			<ymin>331</ymin>
			<ymax>351</ymax>
		</bndbox>
	</object>
	<object>
		<name>Text</name>
		<pose>Unspecified</pose>
		<truncated>0</truncated>
		<difficult>0</difficult>
		<occluded>0</occluded>
		<bndbox>
			<xmin>215</xmin>
			<xmax>268</xmax>
			<ymin>351</ymin>
			<ymax>358</ymax>
		</bndbox>
	</object>
</annotation>
