<annotation>
	<folder></folder>
	<filename>adq65f00_png.rf.29030ec5f68fefcbbdd8c53b9b08b383.jpg</filename>
	<path>adq65f00_png.rf.29030ec5f68fefcbbdd8c53b9b08b383.jpg</path>
	<source>
		<database>roboflow.ai</database>
	</source>
	<size>
		<width>416</width>
		<height>416</height>
		<depth>3</depth>
	</size>
	<segmented>0</segmented>
	<object>
		<name>Text</name>
		<pose>Unspecified</pose>
		<truncated>0</truncated>
		<difficult>0</difficult>
		<occluded>0</occluded>
		<bndbox>
			<xmin>76</xmin>
			<xmax>298</xmax>
			<ymin>19</ymin>
			<ymax>214</ymax>
		</bndbox>
	</object>
	<object>
		<name>Signature</name>
		<pose>Unspecified</pose>
		<truncated>0</truncated>
		<difficult>0</difficult>
		<occluded>0</occluded>
		<bndbox>
			<xmin>217</xmin>
			<xmax>264</xmax>
			<ymin>214</ymin>
			<ymax>232</ymax>
		</bndbox>
	</object>
	<object>
		<name>Text</name>
		<pose>Unspecified</pose>
		<truncated>0</truncated>
		<difficult>0</difficult>
		<occluded>0</occluded>
		<bndbox>
			<xmin>94</xmin>
			<xmax>168</xmax>
			<ymin>238</ymin>
			<ymax>266</ymax>
		</bndbox>
	</object>
	<object>
		<name>Text</name>
		<pose>Unspecified</pose>
		<truncated>0</truncated>
		<difficult>0</difficult>
		<occluded>0</occluded>
		<bndbox>
			<xmin>35</xmin>
			<xmax>343</xmax>
			<ymin>350</ymin>
			<ymax>362</ymax>
		</bndbox>
	</object>
</annotation>
