<annotation>
	<folder></folder>
	<filename>aeq93a00_png.rf.389d1f9d13fe692e140a71b2d2006a2d.jpg</filename>
	<path>aeq93a00_png.rf.389d1f9d13fe692e140a71b2d2006a2d.jpg</path>
	<source>
		<database>roboflow.ai</database>
	</source>
	<size>
		<width>416</width>
		<height>416</height>
		<depth>3</depth>
	</size>
	<segmented>0</segmented>
	<object>
		<name>Text</name>
		<pose>Unspecified</pose>
		<truncated>0</truncated>
		<difficult>0</difficult>
		<occluded>0</occluded>
		<bndbox>
			<xmin>10</xmin>
			<xmax>391</xmax>
			<ymin>11</ymin>
			<ymax>341</ymax>
		</bndbox>
	</object>
	<object>
		<name>Signature</name>
		<pose>Unspecified</pose>
		<truncated>0</truncated>
		<difficult>0</difficult>
		<occluded>0</occluded>
		<bndbox>
			<xmin>171</xmin>
			<xmax>239</xmax>
			<ymin>68</ymin>
			<ymax>100</ymax>
		</bndbox>
	</object>
	<object>
		<name>Signature</name>
		<pose>Unspecified</pose>
		<truncated>0</truncated>
		<difficult>0</difficult>
		<occluded>0</occluded>
		<bndbox>
			<xmin>230</xmin>
			<xmax>312</xmax>
			<ymin>345</ymin>
			<ymax>360</ymax>
		</bndbox>
	</object>
	<object>
		<name>Text</name>
		<pose>Unspecified</pose>
		<truncated>0</truncated>
		<difficult>0</difficult>
		<occluded>0</occluded>
		<bndbox>
			<xmin>256</xmin>
			<xmax>315</xmax>
			<ymin>360</ymin>
			<ymax>366</ymax>
		</bndbox>
	</object>
	<object>
		<name>Text</name>
		<pose>Unspecified</pose>
		<truncated>0</truncated>
		<difficult>0</difficult>
		<occluded>0</occluded>
		<bndbox>
			<xmin>45</xmin>
			<xmax>221</xmax>
			<ymin>364</ymin>
			<ymax>392</ymax>
		</bndbox>
	</object>
	<object>
		<name>Text</name>
		<pose>Unspecified</pose>
		<truncated>0</truncated>
		<difficult>0</difficult>
		<occluded>0</occluded>
		<bndbox>
			<xmin>37</xmin>
			<xmax>111</xmax>
			<ymin>411</ymin>
			<ymax>415</ymax>
		</bndbox>
	</object>
</annotation>
