<annotation>
	<folder></folder>
	<filename>aik94f00-page02_2_png.rf.a6766a91cf7a9ef310fde95d8bf5d9b2.jpg</filename>
	<path>aik94f00-page02_2_png.rf.a6766a91cf7a9ef310fde95d8bf5d9b2.jpg</path>
	<source>
		<database>roboflow.ai</database>
	</source>
	<size>
		<width>416</width>
		<height>416</height>
		<depth>3</depth>
	</size>
	<segmented>0</segmented>
	<object>
		<name>Text</name>
		<pose>Unspecified</pose>
		<truncated>0</truncated>
		<difficult>0</difficult>
		<occluded>0</occluded>
		<bndbox>
			<xmin>15</xmin>
			<xmax>111</xmax>
			<ymin>14</ymin>
			<ymax>26</ymax>
		</bndbox>
	</object>
	<object>
		<name>Text</name>
		<pose>Unspecified</pose>
		<truncated>0</truncated>
		<difficult>0</difficult>
		<occluded>0</occluded>
		<bndbox>
			<xmin>61</xmin>
			<xmax>350</xmax>
			<ymin>38</ymin>
			<ymax>336</ymax>
		</bndbox>
	</object>
	<object>
		<name>Signature</name>
		<pose>Unspecified</pose>
		<truncated>0</truncated>
		<difficult>0</difficult>
		<occluded>0</occluded>
		<bndbox>
			<xmin>205</xmin>
			<xmax>356</xmax>
			<ymin>341</ymin>
			<ymax>370</ymax>
		</bndbox>
	</object>
</annotation>
