<annotation>
	<folder></folder>
	<filename>ail70a00_png.rf.d266d83019d6a82536e67eb5412d8d71.jpg</filename>
	<path>ail70a00_png.rf.d266d83019d6a82536e67eb5412d8d71.jpg</path>
	<source>
		<database>roboflow.ai</database>
	</source>
	<size>
		<width>416</width>
		<height>416</height>
		<depth>3</depth>
	</size>
	<segmented>0</segmented>
	<object>
		<name>Text</name>
		<pose>Unspecified</pose>
		<truncated>0</truncated>
		<difficult>0</difficult>
		<occluded>0</occluded>
		<bndbox>
			<xmin>81</xmin>
			<xmax>324</xmax>
			<ymin>23</ymin>
			<ymax>233</ymax>
		</bndbox>
	</object>
	<object>
		<name>Signature</name>
		<pose>Unspecified</pose>
		<truncated>0</truncated>
		<difficult>0</difficult>
		<occluded>0</occluded>
		<bndbox>
			<xmin>190</xmin>
			<xmax>290</xmax>
			<ymin>233</ymin>
			<ymax>248</ymax>
		</bndbox>
	</object>
	<object>
		<name>Text</name>
		<pose>Unspecified</pose>
		<truncated>0</truncated>
		<difficult>0</difficult>
		<occluded>0</occluded>
		<bndbox>
			<xmin>204</xmin>
			<xmax>273</xmax>
			<ymin>248</ymin>
			<ymax>261</ymax>
		</bndbox>
	</object>
	<object>
		<name>Text</name>
		<pose>Unspecified</pose>
		<truncated>0</truncated>
		<difficult>0</difficult>
		<occluded>0</occluded>
		<bndbox>
			<xmin>88</xmin>
			<xmax>118</xmax>
			<ymin>264</ymin>
			<ymax>278</ymax>
		</bndbox>
	</object>
</annotation>
