<annotation>
	<folder></folder>
	<filename>ajj10e00_png.rf.8917c77b2999da4a8b51f835ecee14cd.jpg</filename>
	<path>ajj10e00_png.rf.8917c77b2999da4a8b51f835ecee14cd.jpg</path>
	<source>
		<database>roboflow.ai</database>
	</source>
	<size>
		<width>416</width>
		<height>416</height>
		<depth>3</depth>
	</size>
	<segmented>0</segmented>
	<object>
		<name>Text</name>
		<pose>Unspecified</pose>
		<truncated>0</truncated>
		<difficult>0</difficult>
		<occluded>0</occluded>
		<bndbox>
			<xmin>24</xmin>
			<xmax>360</xmax>
			<ymin>30</ymin>
			<ymax>227</ymax>
		</bndbox>
	</object>
	<object>
		<name>Text</name>
		<pose>Unspecified</pose>
		<truncated>0</truncated>
		<difficult>0</difficult>
		<occluded>0</occluded>
		<bndbox>
			<xmin>65</xmin>
			<xmax>174</xmax>
			<ymin>239</ymin>
			<ymax>279</ymax>
		</bndbox>
	</object>
	<object>
		<name>Text</name>
		<pose>Unspecified</pose>
		<truncated>0</truncated>
		<difficult>0</difficult>
		<occluded>0</occluded>
		<bndbox>
			<xmin>56</xmin>
			<xmax>163</xmax>
			<ymin>226</ymin>
			<ymax>236</ymax>
		</bndbox>
	</object>
</annotation>
