<annotation>
	<folder></folder>
	<filename>ajz31e00_png.rf.3577ec8d95a70e954b901b746f5ada67.jpg</filename>
	<path>ajz31e00_png.rf.3577ec8d95a70e954b901b746f5ada67.jpg</path>
	<source>
		<database>roboflow.ai</database>
	</source>
	<size>
		<width>416</width>
		<height>416</height>
		<depth>3</depth>
	</size>
	<segmented>0</segmented>
	<object>
		<name>Text</name>
		<pose>Unspecified</pose>
		<truncated>0</truncated>
		<difficult>0</difficult>
		<occluded>0</occluded>
		<bndbox>
			<xmin>18</xmin>
			<xmax>381</xmax>
			<ymin>18</ymin>
			<ymax>196</ymax>
		</bndbox>
	</object>
	<object>
		<name>Signature</name>
		<pose>Unspecified</pose>
		<truncated>0</truncated>
		<difficult>0</difficult>
		<occluded>0</occluded>
		<bndbox>
			<xmin>78</xmin>
			<xmax>207</xmax>
			<ymin>193</ymin>
			<ymax>211</ymax>
		</bndbox>
	</object>
	<object>
		<name>Text</name>
		<pose>Unspecified</pose>
		<truncated>0</truncated>
		<difficult>0</difficult>
		<occluded>0</occluded>
		<bndbox>
			<xmin>52</xmin>
			<xmax>202</xmax>
			<ymin>212</ymin>
			<ymax>254</ymax>
		</bndbox>
	</object>
</annotation>
