<annotation>
	<folder></folder>
	<filename>aki32e00_png.rf.127d5f9c4f62639d866a2f028ce91a78.jpg</filename>
	<path>aki32e00_png.rf.127d5f9c4f62639d866a2f028ce91a78.jpg</path>
	<source>
		<database>roboflow.ai</database>
	</source>
	<size>
		<width>416</width>
		<height>416</height>
		<depth>3</depth>
	</size>
	<segmented>0</segmented>
	<object>
		<name>Text</name>
		<pose>Unspecified</pose>
		<truncated>0</truncated>
		<difficult>0</difficult>
		<occluded>0</occluded>
		<bndbox>
			<xmin>49</xmin>
			<xmax>360</xmax>
			<ymin>41</ymin>
			<ymax>315</ymax>
		</bndbox>
	</object>
	<object>
		<name>Signature</name>
		<pose>Unspecified</pose>
		<truncated>0</truncated>
		<difficult>0</difficult>
		<occluded>0</occluded>
		<bndbox>
			<xmin>195</xmin>
			<xmax>352</xmax>
			<ymin>312</ymin>
			<ymax>339</ymax>
		</bndbox>
	</object>
	<object>
		<name>Signature</name>
		<pose>Unspecified</pose>
		<truncated>0</truncated>
		<difficult>0</difficult>
		<occluded>0</occluded>
		<bndbox>
			<xmin>222</xmin>
			<xmax>301</xmax>
			<ymin>336</ymin>
			<ymax>344</ymax>
		</bndbox>
	</object>
</annotation>
