<annotation>
	<folder></folder>
	<filename>ald41a00-ernest_png.rf.1ca681c997d00416188e2e2935e05e20.jpg</filename>
	<path>ald41a00-ernest_png.rf.1ca681c997d00416188e2e2935e05e20.jpg</path>
	<source>
		<database>roboflow.ai</database>
	</source>
	<size>
		<width>416</width>
		<height>416</height>
		<depth>3</depth>
	</size>
	<segmented>0</segmented>
	<object>
		<name>Text</name>
		<pose>Unspecified</pose>
		<truncated>0</truncated>
		<difficult>0</difficult>
		<occluded>0</occluded>
		<bndbox>
			<xmin>39</xmin>
			<xmax>381</xmax>
			<ymin>4</ymin>
			<ymax>299</ymax>
		</bndbox>
	</object>
	<object>
		<name>Text</name>
		<pose>Unspecified</pose>
		<truncated>0</truncated>
		<difficult>0</difficult>
		<occluded>0</occluded>
		<bndbox>
			<xmin>45</xmin>
			<xmax>114</xmax>
			<ymin>315</ymin>
			<ymax>332</ymax>
		</bndbox>
	</object>
	<object>
		<name>Signature</name>
		<pose>Unspecified</pose>
		<truncated>0</truncated>
		<difficult>0</difficult>
		<occluded>0</occluded>
		<bndbox>
			<xmin>238</xmin>
			<xmax>344</xmax>
			<ymin>299</ymin>
			<ymax>318</ymax>
		</bndbox>
	</object>
</annotation>
