<annotation>
	<folder></folder>
	<filename>alz35d00_png.rf.d312ab9d58a34a80554a7e9311dc6af1.jpg</filename>
	<path>alz35d00_png.rf.d312ab9d58a34a80554a7e9311dc6af1.jpg</path>
	<source>
		<database>roboflow.ai</database>
	</source>
	<size>
		<width>416</width>
		<height>416</height>
		<depth>3</depth>
	</size>
	<segmented>0</segmented>
	<object>
		<name>Text</name>
		<pose>Unspecified</pose>
		<truncated>0</truncated>
		<difficult>0</difficult>
		<occluded>0</occluded>
		<bndbox>
			<xmin>27</xmin>
			<xmax>373</xmax>
			<ymin>10</ymin>
			<ymax>355</ymax>
		</bndbox>
	</object>
	<object>
		<name>Signature</name>
		<pose>Unspecified</pose>
		<truncated>0</truncated>
		<difficult>0</difficult>
		<occluded>0</occluded>
		<bndbox>
			<xmin>226</xmin>
			<xmax>292</xmax>
			<ymin>356</ymin>
			<ymax>372</ymax>
		</bndbox>
	</object>
	<object>
		<name>Text</name>
		<pose>Unspecified</pose>
		<truncated>0</truncated>
		<difficult>0</difficult>
		<occluded>0</occluded>
		<bndbox>
			<xmin>237</xmin>
			<xmax>273</xmax>
			<ymin>372</ymin>
			<ymax>380</ymax>
		</bndbox>
	</object>
	<object>
		<name>Signature</name>
		<pose>Unspecified</pose>
		<truncated>0</truncated>
		<difficult>0</difficult>
		<occluded>0</occluded>
		<bndbox>
			<xmin>61</xmin>
			<xmax>119</xmax>
			<ymin>396</ymin>
			<ymax>414</ymax>
		</bndbox>
	</object>
</annotation>
