<annotation>
	<folder></folder>
	<filename>amk00a00_png.rf.f7d909fcc7399d20ffe55565c158daf3.jpg</filename>
	<path>amk00a00_png.rf.f7d909fcc7399d20ffe55565c158daf3.jpg</path>
	<source>
		<database>roboflow.ai</database>
	</source>
	<size>
		<width>416</width>
		<height>416</height>
		<depth>3</depth>
	</size>
	<segmented>0</segmented>
	<object>
		<name>Text</name>
		<pose>Unspecified</pose>
		<truncated>0</truncated>
		<difficult>0</difficult>
		<occluded>0</occluded>
		<bndbox>
			<xmin>30</xmin>
			<xmax>397</xmax>
			<ymin>29</ymin>
			<ymax>342</ymax>
		</bndbox>
	</object>
	<object>
		<name>Signature</name>
		<pose>Unspecified</pose>
		<truncated>0</truncated>
		<difficult>0</difficult>
		<occluded>0</occluded>
		<bndbox>
			<xmin>203</xmin>
			<xmax>359</xmax>
			<ymin>338</ymin>
			<ymax>356</ymax>
		</bndbox>
	</object>
	<object>
		<name>Text</name>
		<pose>Unspecified</pose>
		<truncated>0</truncated>
		<difficult>0</difficult>
		<occluded>0</occluded>
		<bndbox>
			<xmin>213</xmin>
			<xmax>313</xmax>
			<ymin>355</ymin>
			<ymax>368</ymax>
		</bndbox>
	</object>
</annotation>
