<annotation>
	<folder></folder>
	<filename>amy31e00_png.rf.29bc99eb23f3c38e066fbaec1427f823.jpg</filename>
	<path>amy31e00_png.rf.29bc99eb23f3c38e066fbaec1427f823.jpg</path>
	<source>
		<database>roboflow.ai</database>
	</source>
	<size>
		<width>416</width>
		<height>416</height>
		<depth>3</depth>
	</size>
	<segmented>0</segmented>
	<object>
		<name>Text</name>
		<pose>Unspecified</pose>
		<truncated>0</truncated>
		<difficult>0</difficult>
		<occluded>0</occluded>
		<bndbox>
			<xmin>15</xmin>
			<xmax>377</xmax>
			<ymin>26</ymin>
			<ymax>276</ymax>
		</bndbox>
	</object>
	<object>
		<name>Text</name>
		<pose>Unspecified</pose>
		<truncated>0</truncated>
		<difficult>0</difficult>
		<occluded>0</occluded>
		<bndbox>
			<xmin>46</xmin>
			<xmax>190</xmax>
			<ymin>293</ymin>
			<ymax>320</ymax>
		</bndbox>
	</object>
	<object>
		<name>Signature</name>
		<pose>Unspecified</pose>
		<truncated>0</truncated>
		<difficult>0</difficult>
		<occluded>0</occluded>
		<bndbox>
			<xmin>71</xmin>
			<xmax>217</xmax>
			<ymin>273</ymin>
			<ymax>292</ymax>
		</bndbox>
	</object>
</annotation>
