<annotation>
	<folder></folder>
	<filename>anr29e00-page02_2_png.rf.0621000d583aa696b43c75aaee288a69.jpg</filename>
	<path>anr29e00-page02_2_png.rf.0621000d583aa696b43c75aaee288a69.jpg</path>
	<source>
		<database>roboflow.ai</database>
	</source>
	<size>
		<width>416</width>
		<height>416</height>
		<depth>3</depth>
	</size>
	<segmented>0</segmented>
	<object>
		<name>Text</name>
		<pose>Unspecified</pose>
		<truncated>0</truncated>
		<difficult>0</difficult>
		<occluded>0</occluded>
		<bndbox>
			<xmin>82</xmin>
			<xmax>380</xmax>
			<ymin>46</ymin>
			<ymax>318</ymax>
		</bndbox>
	</object>
	<object>
		<name>Text</name>
		<pose>Unspecified</pose>
		<truncated>0</truncated>
		<difficult>0</difficult>
		<occluded>0</occluded>
		<bndbox>
			<xmin>80</xmin>
			<xmax>196</xmax>
			<ymin>344</ymin>
			<ymax>375</ymax>
		</bndbox>
	</object>
	<object>
		<name>Text</name>
		<pose>Unspecified</pose>
		<truncated>0</truncated>
		<difficult>0</difficult>
		<occluded>0</occluded>
		<bndbox>
			<xmin>234</xmin>
			<xmax>312</xmax>
			<ymin>341</ymin>
			<ymax>349</ymax>
		</bndbox>
	</object>
	<object>
		<name>Signature</name>
		<pose>Unspecified</pose>
		<truncated>0</truncated>
		<difficult>0</difficult>
		<occluded>0</occluded>
		<bndbox>
			<xmin>218</xmin>
			<xmax>364</xmax>
			<ymin>316</ymin>
			<ymax>340</ymax>
		</bndbox>
	</object>
</annotation>
