<annotation>
	<folder></folder>
	<filename>bak14d00_png.rf.625b8f96623a7ef22c05abe5cd55107e.jpg</filename>
	<path>bak14d00_png.rf.625b8f96623a7ef22c05abe5cd55107e.jpg</path>
	<source>
		<database>roboflow.ai</database>
	</source>
	<size>
		<width>416</width>
		<height>416</height>
		<depth>3</depth>
	</size>
	<segmented>0</segmented>
	<object>
		<name>Text</name>
		<pose>Unspecified</pose>
		<truncated>0</truncated>
		<difficult>0</difficult>
		<occluded>0</occluded>
		<bndbox>
			<xmin>36</xmin>
			<xmax>323</xmax>
			<ymin>13</ymin>
			<ymax>75</ymax>
		</bndbox>
	</object>
	<object>
		<name>Text</name>
		<pose>Unspecified</pose>
		<truncated>0</truncated>
		<difficult>0</difficult>
		<occluded>0</occluded>
		<bndbox>
			<xmin>64</xmin>
			<xmax>359</xmax>
			<ymin>76</ymin>
			<ymax>312</ymax>
		</bndbox>
	</object>
	<object>
		<name>Signature</name>
		<pose>Unspecified</pose>
		<truncated>0</truncated>
		<difficult>0</difficult>
		<occluded>0</occluded>
		<bndbox>
			<xmin>230</xmin>
			<xmax>365</xmax>
			<ymin>331</ymin>
			<ymax>349</ymax>
		</bndbox>
	</object>
</annotation>
